[
{"id":2,"firstName":"Fae","lastName":"Ast","email":"fast0@webeden.co.uk","address":"20 Del Mar Lane","occupation":"Internal Auditor","company":"Yamia","phone":"+216 808 685 1690","stared":true,"avatar":"https://robohash.org/idnontemporibus.png?size=50x50&set=set1"},
{"id":3,"firstName":"Hilario","lastName":"Fearnall","email":"hfearnall1@xrea.com","address":"87 Anthes Way","occupation":"Quality Engineer","company":"Quire","phone":"+86 377 994 1895","stared":true,"avatar":"https://robohash.org/laborequisquamin.jpg?size=50x50&set=set1"},
{"id":4,"firstName":"Daveen","lastName":"Argente","email":"dargente2@nyu.edu","address":"1191 School Place","occupation":"Research Nurse","company":"Buzzster","phone":"+46 282 542 9514","stared":false,"avatar":"https://robohash.org/veroauttempore.bmp?size=50x50&set=set1"},
{"id":5,"firstName":"Perl","lastName":"Fagan","email":"pfagan3@usnews.com","address":"6089 Swallow Terrace","occupation":"Executive Secretary","company":"Skinte","phone":"+62 517 536 6718","stared":true,"avatar":"https://robohash.org/sintquiaeum.png?size=50x50&set=set1"},
{"id":6,"firstName":"Patrick","lastName":"Shoard","email":"pshoard4@marriott.com","address":"041 Comanche Alley","occupation":"Administrative Officer","company":"Topicshots","phone":"+54 110 510 3312","stared":true,"avatar":"https://robohash.org/delectusaliquameum.png?size=50x50&set=set1"},
{"id":7,"firstName":"Ann","lastName":"Comoletti","email":"acomoletti5@booking.com","address":"9 Welch Road","occupation":"Chief Design Engineer","company":"Innotype","phone":"+7 966 681 2338","stared":true,"avatar":"https://robohash.org/utdelectusdolor.bmp?size=50x50&set=set1"},
{"id":8,"firstName":"Elmore","lastName":"Kettlestringe","email":"ekettlestringe6@purevolume.com","address":"729 Sloan Center","occupation":"Director of Sales","company":"Kwilith","phone":"+53 139 190 2272","stared":true,"avatar":"https://robohash.org/sintillumvel.bmp?size=50x50&set=set1"},
{"id":9,"firstName":"Bili","lastName":"Morlon","email":"bmorlon7@usgs.gov","address":"7 Luster Way","occupation":"Assistant Professor","company":"Tanoodle","phone":"+63 814 279 2300","stared":true,"avatar":"https://robohash.org/suscipitetvoluptatum.bmp?size=50x50&set=set1"},
{"id":10,"firstName":"Giorgi","lastName":"Guitton","email":"gguitton8@engadget.com","address":"74399 Crescent Oaks Hill","occupation":"Junior Executive","company":"Eazzy","phone":"+52 359 435 3076","stared":true,"avatar":"https://robohash.org/modieosdeleniti.png?size=50x50&set=set1"}
]